value,variants
Satara,Satara |
Nidadavole,Nidadavole |
Umaria,Umaria |
Mangaldoi,Mangaldoi |
Mudabidri,Mudabidri |
Zamania,Zamania |
Rapar,Rapar |
Tiptur,Tiptur |
Arakkonam,Arakkonam |
Sopore,Sopore |
Tarana,Tarana |
Mangaluru,Mangaluru |
guwahati,guwahati |
Baharampur,Baharampur |
Karur,Karur |
Sahaspur,Sahaspur |
Parli,Parli |
Khair,Khair |
Chennai,Chennai |
Shahabad,Shahabad |
Karimganj,Karimganj |
Sahaswan,Sahaswan |
jaipur,jaipur |
Guntakal,Guntakal |
Dhamtari,Dhamtari |
Savanur,Savanur |
Mahidpur,Mahidpur |
Mathura,Mathura |
Sainthia,Sainthia |
Puthuppally,Puthuppally |
Kochi,Kochi |
Safipur,Safipur |
Jagtial,Jagtial |
Muktsar,Muktsar |
Rahatgarh,Rahatgarh |
Patiala,Patiala |
Ahmedabad,Ahmedabad |
Ratia,Ratia |
Reengus,Reengus |
Charkhi Dadri,Charkhi |Dadri |
Varanasi,Varanasi |
chennai,chennai |madras |
Sugauli,Sugauli |
Lalgudi,Lalgudi |
Sidhpur,Sidhpur |
Tirukkoyilur,Tirukkoyilur |
Tirupathur,Tirupathur |
Sadri,Sadri |
Port Blair,Port Blair |Blair |
Vedaranyam,Vedaranyam |
Yavatmal,Yavatmal |
Vikarabad,Vikarabad |
Todabhim,Todabhim |
Phagwara,Phagwara |
Purwa,Purwa |
Bharuch,Bharuch |
Bathinda,Bathinda |
Wardha,Wardha |
Thiruvananthapuram,Thiruvananthapuram |
Sitapur,Sitapur |
Sidhi,Sidhi |
Rupnagar,Rupnagar |
Achhnera,Achhnera |
Kanpur,Kanpur |
Vyara,Vyara |
Raghogarh Vijaypur,Raghogarh |Vijaypur |
Sandi,Sandi |
Piriyapatna,Piriyapatna |
Ujjain,Ujjain |
Mahbubnagar,Mahbubnagar |
Achalpur,Achalpur |
Nongstoin,Nongstoin |
Vita,Vita |
Naugawan Sadat,Naugawan |Sadat |
Sasaram,Sasaram |
Ghaziabad,Ghaziabad |
Mokokchung,Mokokchung |
Sonipat,Sonipat |
Loni,Loni |
Jind,Jind |
Sohna,Sohna |
Motipur,Motipur |
Nawabganj,Nawabganj |
Tarikere,Tarikere |
Fatehpur Sikri,Fatehpur |Sikri |
Sujangarh,Sujangarh |
Karjat,Karjat |
Powayan,Powayan |
Giridih,Giridih |
Madhepura,Madhepura |
Amritsar,Amritsar |
Sanduru,Sanduru |
Wanaparthy,Wanaparthy |
Cherthala,Cherthala |
Hardwar,Hardwar |
Umred,Umred |
East,east |
Simdega,Simdega |
Bahraich,Bahraich |
Kandukur,Kandukur |
Yadgir,Yadgir |
Lucknow,Lucknow |
Muzaffarpur,Muzaffarpur |
Rajapalayam,Rajapalayam |
Rajura,Rajura |
Kayamkulam,Kayamkulam |
Ranibennur,Ranibennur |
Wani,Wani |
Nepanagar,Nepanagar |
Nagapattinam,Nagapattinam |
Afzalpur,Afzalpur |
Meerut,Meerut |
Palampur,Palampur |
Attingal,Attingal |
Batala,Batala |
Rajaldesar,Rajaldesar |
Ladnu,Ladnu |
Pithoragarh,Pithoragarh |
Malpura,Malpura |
Palladam,Palladam |
Padra,Padra |
Mangrulpir,Mangrulpir |
Partur,Partur |
Nahan,Nahan |
Ladwa,Ladwa |
Amalapuram,Amalapuram |
Pilibhit,Pilibhit |
Najibabad,Najibabad |
Maihar,Maihar |
Unjha,Unjha |
Patti,Patti |
Sikanderpur,Sikanderpur |
Tirwaganj,Tirwaganj |
Chalakudy,Chalakudy |
Shahdol,Shahdol |
Siliguri,Siliguri |
Shamli,Shamli |
Sardarshahar,Sardarshahar |
Pandharpur,Pandharpur |
Kathua,Kathua |
Savner,Savner |
Modinagar,Modinagar |
Thiruthuraipoondi,Thiruthuraipoondi |
Gokak,Gokak |
Ichalkaranji,Ichalkaranji |
lucknow,lucknow |
Baripada Town,Baripada |Baripada Town |
Patratu,Patratu |
Dharmavaram,Dharmavaram |
Mhowgaon,Mhowgaon |
Pali,Pali |
Ottappalam,Ottappalam |
Anand,Anand |
Chittur Thathamangalam,Chittur |Thathamangalam |
Tindivanam,Tindivanam |
Thirumangalam,Thirumangalam |
Nuzvid,Nuzvid |
Takhatgarh,Takhatgarh |
Washim,Washim |
Sarsod,Sarsod |
Lahar,Lahar |
Sanawad,Sanawad |
Nandura,Nandura |
Peddapuram,Peddapuram |
Lakhisarai,Lakhisarai |
Rau,Rau |
Narasapuram,Narasapuram |
Pallapatti,Pallapatti |
Ranavav,Ranavav |
Siruguppa,Siruguppa |
Rudauli,Rudauli |
Tirora,Tirora |
Dibrugarh,Dibrugarh |
Tulsipur,Tulsipur |
Tohana,Tohana |
Bhawanipatna,Bhawanipatna |
Alipurduar,Alipurduar |
Pukhrayan,Pukhrayan |
Diphu,Diphu |
Sibsagar,Sibsagar |
Peravurani,Peravurani |
Akot,Akot |
Jhumri Tilaiya,Jhumri |Jhumri Tilaiya |
Mankachar,Mankachar |
Namakkal,Namakkal |
Nakodar,Nakodar |
Salur,Salur |
Niwai,Niwai |
Nirmal,Nirmal |
Tirur,Tirur |
Gohana,Gohana |
Sahjanwa,Sahjanwa |
Maner,Maner |
Nellikuppam,Nellikuppam |
New Delhi,Delhi | New Delhi
Ankleshwar,Ankleshwar |
Sankari,Sankari |
Paramakudi,Paramakudi |
Pauri,Pauri |
Mainaguri,Mainaguri |
Chittoor,Chittoor |
Bankura,Bankura |
Adoor,Adoor |
Rewari,Rewari |
Memari,Memari |
Imphal,Imphal |
ahmedabad,ahmedabad |ahmdabad |amdavad
Mudalagi,Mudalagi |
Titlagarh,Titlagarh |
Bapatla,Bapatla |
Mahesana,Mahesana |
Panchkula,Panchkula |
Tura,Tura |
Dehradun,Dehradun |
Kozhikode,Kozhikode |
Tuensang,Tuensang |
Etawah,Etawah |
Bhiwani,Bhiwani |
Medinipur,Medinipur |
Shirur,Shirur |
Robertson Pet,Robertson |Robertson Pet |
Ujhani,Ujhani |
Vinukonda,Vinukonda |
Mapusa,Mapusa |
Pehowa,Pehowa |
Mandvi,Mandvi |
Wadhwan,Wadhwan |
Eluru,Eluru |
Manasa,Manasa |
Miryalaguda,Miryalaguda |
Vidisha,Vidisha |
Mahasamund,Mahasamund |
Munger,Munger |
Madhubani,Madhubani |
Malkapur,Malkapur |
Motihari,Motihari |
Gopalganj,Gopalganj |
Dhule,Dhule |
Udaipur,Udaipur |
Palai,Palai |
Gooty,Gooty |
Alwar,Alwar |
Korba,Korba |
Rajsamand,Rajsamand |
Deesa,Deesa |
Malegaon,Malegaon |
Umarga,Umarga |
Rangia,Rangia |
Warhapur,Warhapur |
Rampurhat,Rampurhat |
Hajipur,Hajipur |
Parlakhemundi,Parlakhemundi |
Warud,Warud |
Faridabad,Faridabad |
Narsinghgarh,Narsinghgarh |
Buxar,Buxar |
Gurdaspur,Gurdaspur |
Pattukkottai,Pattukkottai |
Sanchore,Sanchore |
Palwal,Palwal |
kolkata,kolkata |calcutta
Kurnool,Kurnool |
Virar,Virar |
Ganjbasoda,Ganjbasoda |
Margao,Margao |
Firozpur Cantt,Firozpur |Cantt |
Taraori,Taraori |
Natham,Natham |
Sendhwa,Sendhwa |
Nilambur,Nilambur |
Shrigonda,Shrigonda |
Mahe,Mahe |
Kothagudem,Kothagudem |
Mungeli,Mungeli |
Kakinada,Kakinada |
Sundargarh,Sundargarh |
Revelganj,Revelganj |
Kancheepuram,Kancheepuram |
Indore,Indore |
Pedana,Pedana |
Shirdi,Shirdi |
Bagaha,Bagaha |
Neemuch,Neemuch |
Nagarkurnool,Nagarkurnool |
Sarangpur,Sarangpur |
Durg,Durg |
Palghar,Palghar |
Tinsukia,Tinsukia |
Purna,Purna |
Uravakonda,Uravakonda |
Madikeri,Madikeri |
Tiruvethipuram,Tiruvethipuram |
Sirsi,Sirsi |
Morvi,Morvi |
Uttar Pradesh,UP | Uttar Pradesh |
Tekkalakote,Tekkalakote |
Sirsa,Sirsa |
Udupi,Udupi |
Saunda,Saunda |
Ranaghat,Ranaghat |
Bikaner,Bikaner |
Chhapra,Chhapra |
Sangli,Sangli |
Palitana,Palitana |
Manwath,Manwath |
Kovvur,Kovvur |
Perambalur,Perambalur |
Rohtak,Rohtak |
Thiruvallur,Thiruvallur |
Sankarankovil,Sankarankovil |
Yemmiganur,Yemmiganur |
Modasa,Modasa |
Rafiganj,Rafiganj |
Raghunathpur,Raghunathpur |
Moga,Moga |
Thanesar,Thanesar |
Srikakulam,Srikakulam |
Manawar,Manawar |
Mahalingapura,Mahalingapura |
Nelamangala,Nelamangala |
Naihati,Naihati |
Noida,Noida |
Gudivada,Gudivada |
Sadulpur,Sadulpur |
Perumbavoor,Perumbavoor |
Sadasivpet,Sadasivpet |
Khanna,Khanna |
Mandideep,Mandideep |
Tiruchengode,Tiruchengode |
Tiruvannamalai,Tiruvannamalai |
Tharad,Tharad |
Barnala,Barnala |
Shivamogga,Shivamogga |
Veraval,Veraval |
Sangamner,Sangamner |
West,West |
Vijapur,Vijapur |
Ramgarh,Ramgarh |
Rampur Maniharan,Rampur |Maniharan |
Purnia,Purnia |
Niwari,Niwari |
Nathdwara,Nathdwara |
Sivagiri,Sivagiri |
Bettiah,Bettiah |
Arwal,Arwal |
Saharanpur,Saharanpur |
Karimnagar,Karimnagar |
Mohali,Mohali |
Lunawada,Lunawada |
Ahmednagar,Ahmednagar |
Gumia,Gumia |
Vellore,Vellore |
Nanded,Nanded |
Malur,Malur |
Lingsugur,Lingsugur |
Lal Nindaura,Lal Nindaura |Nindaura |
Narkhed,Narkhed |
Forbesganj,Forbesganj |
Vellakoil,Vellakoil |
Madanapalle,Madanapalle |
Jamui,Jamui |
Warisaliganj,Warisaliganj |
Shegaon,Shegaon |
Nanjikottai,Nanjikottai |
Naharlagun,Naharlagun |
Agartala,Agartala |
Talegaon Dabhade,Talegaon |Dabhade |
Ramagundam,Ramagundam |
Nokha,Nokha |
Sakaleshapura,Sakaleshapura |
Kyathampalle,Kyathampalle |
Lohardaga,Lohardaga |
Bhainsa,Bhainsa |
Robertsganj,Robertsganj |
Sakti,Sakti |
Mandi Dabwali,Mandi Dabwali |Dabwali |
Panaji,Panaji |
Phaltan,Phaltan |
Sangareddy,Sangareddy |
Phulabani,Phulabani |
Pasan,Pasan |
Sihor,Sihor |
Valparai,Valparai |
Tiruchirappalli,Tiruchirappalli |
Marigaon,Marigaon |
Mul,Mul |
Proddatur,Proddatur |
Nadiad,Nadiad |
Shahade,Shahade |
Pattran,Pattran |
Samalkha,Samalkha |
Hindupur,Hindupur |
Sheoganj,Sheoganj |
Uran Islampur,Uran |Islampur |
Thammampatti,Thammampatti |
Kohima,Kohima |
goa,goa |
Tonk,Tonk |
Karnal,Karnal |
Mandla,Mandla |
Mandapeta,Mandapeta |
Palwancha,Palwancha |
Nargund,Nargund |
bhopal,bhopal |
Mayang Imphal,Mayang |Imphal |
Panruti,Panruti |
Ratangarh,Ratangarh |
Dalli Rajhara,Dalli |Rajhara |
Dhuri,Dhuri |
Faridkot,Faridkot |
Sambhal,Sambhal |
Marhaura,Marhaura |
Keshod,Keshod |
Pallikonda,Pallikonda |
Unnamalaikadai,Unnamalaikadai |
Pathanamthitta,Pathanamthitta |
Tasgaon,Tasgaon |
Masaurhi,Masaurhi |
Rayachoti,Rayachoti |
Sundarnagar,Sundarnagar |
Venkatagiri,Venkatagiri |
Tanuku,Tanuku |
pune,pune
Tandur,Tandur |
Tiruvuru,Tiruvuru |
Reoti,Reoti |
Phulpur,Phulpur |
Petlad,Petlad |
Mansa,Mansa |
Sumerpur,Sumerpur |
Malavalli,Malavalli |
Rayadurg,Rayadurg |
Shiggaon,Shiggaon |
Kashipur,Kashipur |
Panvel,Panvel |
Rasra,Rasra |
Paradip,Paradip |
Upleta,Upleta |
Sholavandan,Sholavandan |
Periyakulam,Periyakulam |
Bhimavaram,Bhimavaram |
hyderabad,hyderabad
Asansol,Asansol |
Mahnar Bazar,Mahnar |Mahnar Bazar |
Gangarampur,Gangarampur |
Narsipatnam,Narsipatnam |
Mahemdabad,Mahemdabad |
Rajam,Rajam |
Tharamangalam,Tharamangalam |
Bhadrak,Bhadrak |
Khowai,Khowai |
Raigarh,Raigarh |
Rewa,Rewa |
Sangrur,Sangrur |
Bangalore,Bengaluru |Bangalore
Patna,Patna |
Rajgarh Churu,Rajgarh |Churu |
Puri,Puri |
Nabarangapur,Nabarangapur |
Nagercoil,Nagercoil |
Vandavasi,Vandavasi |
Sivakasi,Sivakasi |
Erode,Erode |
Nagda,Nagda |
Balurghat,Balurghat |
Thiruvalla,Thiruvalla |
Arsikere,Arsikere |
Rawatbhata,Rawatbhata |
Losal,Losal |
Tuni,Tuni |
Jagdalpur,Jagdalpur |
Safidon,Safidon |
Panamattom,Panamattom |
Sagar,Sagar |
Aurangabad,Aurangabad |
Katihar,Katihar |
Rosera,Rosera |
Tarbha,Tarbha |
Loha,Loha |
Solapur,Solapur |
Machilipatnam,Machilipatnam |
Tehri,Tehri |
Manavadar,Manavadar |
Sirsaganj,Sirsaganj |
Udhagamandalam,Udhagamandalam |
Amreli,Amreli |
Sunabeda,Sunabeda |
Mokameh,Mokameh |
Saundatti Yellamma,Saundatti |Yellamma |
Rania,Rania |
Pusad,Pusad |
Thangadh,Thangadh |
Madurai,Madurai |
Aruppukkottai,Aruppukkottai |
Manihari,Manihari |
Adityapur,Adityapur |
Lathi,Lathi |
Jalandhar Cantt,Jalandhar |Jalandhar Cantt |
Nawapur,Nawapur |
Jamalpur,Jamalpur |
Bhadrachalam,Bhadrachalam |
Vadipatti,Vadipatti |
Vizianagaram,Vizianagaram |
Srirampore,Srirampore |
Jamnagar,Jamnagar |
Nainital,Nainital |
Kishanganj,Kishanganj |
Hugli Chinsurah,Hugli |Chinsurah |
Guwahati,Guwahati |
Shahpur,Shahpur |
Sultanganj,Sultanganj |
Nainpur,Nainpur |
mangalore,mangalore |
Murshidabad,Murshidabad |
Tirukalukundram,Tirukalukundram |
Sahawar,Sahawar |
Vadodara,Vadodara |
Manuguru,Manuguru |
Jaipur,Jaipur |
Talcher,Talcher |
Madhugiri,Madhugiri |
Tarakeswar,Tarakeswar |
Punganur,Punganur |
Lonavala,Lonavala |
Pathri,Pathri |
Oddanchatram,Oddanchatram |
Murtijapur,Murtijapur |
Pauni,Pauni |
Nawanshahr,Nawanshahr |
Soyagaon,Soyagaon |
Ozar,Ozar |
Sagara,Sagara |
Phalodi,Phalodi |
Tuljapur,Tuljapur |
Rajgarh Alwar,Rajgarh |Alwar |
Sonamukhi,Sonamukhi |
Nabadwip,Nabadwip |
Surapura,Surapura |
Pipariya,Pipariya |
Lachhmangarh,Lachhmangarh |
Jatani,Jatani |
Rajampet,Rajampet |
Shendurjana,Shendurjana |
Talode,Talode |
Thana Bhawan,Thana Bhawan |
Porbandar,Porbandar |
Hardoi,Hardoi |
Pindwara,Pindwara |
Virudhachalam,Virudhachalam |
Sojat,Sojat |
Nanjangud,Nanjangud |
Sadalagi,Sadalagi |
Pathardi,Pathardi |
Sasvad,Sasvad |
Bhubaneswar,Bhubaneswar |
Karaikal,Karaikal |
Rabkavi Banhatti,Rabkavi |Banhatti |
Nandurbar,Nandurbar |
Chandausi,Chandausi |
Thirupuvanam,Thirupuvanam |
Azamgarh,Azamgarh |
Tanda,Tanda |
Narwana,Narwana |
Viluppuram,Viluppuram |
Kot Kapura,Kot |Kapura |
Sitamarhi,Sitamarhi |
Amroha,Amroha |
Moradabad,Moradabad |
Shrirampur,Shrirampur |
Malappuram,Malappuram |
Thuraiyur,Thuraiyur |
Santipur,Santipur |
Pandharkaoda,Pandharkaoda |
Nowrozabad Khodargama,Nowrozabad |Khodargama |
Shikaripur,Shikaripur |
Ramngarh,Ramngarh |
Palakkad,Palakkad |
Tamluk,Tamluk |
Balaghat,Balaghat |
Udaipurwati,Udaipurwati |
Rasipuram,Rasipuram |
Arrah,Arrah |
Mukerian,Mukerian |
Muvattupuzha,Muvattupuzha |
Bharatpur,Bharatpur |
Bhagalpur,Bhagalpur |
Sirkali,Sirkali |
Sivaganga,Sivaganga |
Patan,Patan |
Todaraisingh,Todaraisingh |
Cooch Behar,Cooch |Behar |
Viswanatham,Viswanatham |
Balangir,Balangir |
Panagar,Panagar |
Vapi,Vapi |
Hawa Jaipur,Hawa |Jaipur |
Salaya,Salaya |
Ranipet,Ranipet |
Kalyan Dombivali,Kalyan |Dombivali |
Nandivaram Guduvancheri,Nandivaram |Guduvancheri |
Nehtaur,Nehtaur |
Chatra,Chatra |
Pondicherry,Pondicherry |
Sheopur,Sheopur |
Kendujhar,Kendujhar |
Shahpura,Shahpura |
Mundargi,Mundargi |
Chilakaluripet,Chilakaluripet |
Raver,Raver |
Jalandhar,Jalandhar |
Taliparamba,Taliparamba |
Kadiri,Kadiri |
Rath,Rath |
Palacole,Palacole |
Bhopal,Bhopal |
Narnaul,Narnaul |
Rajgarh,Rajgarh |
Pandua,Pandua |
Lumding,Lumding |
mumbai,mumbai |bombay |
Sardhana,Sardhana |
Solan,Solan |
Deoghar,Deoghar |
Shivpuri,Shivpuri |
Brahmapur,Brahmapur |
Rajgir,Rajgir |
Adilabad,Adilabad |
Pilkhuwa,Pilkhuwa |
Hisar,Hisar |
Pappinisseri,Pappinisseri |
Obra,Obra |
Valsad,Valsad |
Srinagar,Srinagar |
Kamareddy,Kamareddy |
Ratnagiri,Ratnagiri |
Ajmer,Ajmer |
Kagaznagar,Kagaznagar |
Bhatapara,Bhatapara |
Pollachi,Pollachi |
Mhow Cantonment,Mhow |Cantonment |
Kharagpur,Kharagpur |
Gwalior,Gwalior |
Mulbagal,Mulbagal |
Puranpur,Puranpur |
Madhya Pradesh,MP |
Shajapur,Shajapur |
Sira,Sira |
kochi,kochi |
Bheemunipatnam,Bheemunipatnam |
Jammu,Jammu |
Puliyankudi,Puliyankudi |
Jehanabad,Jehanabad |
Uchgaon,Uchgaon |
Firozpur,Firozpur |
Kasaragod,Kasaragod |
Sedam,Sedam |
Shahganj,Shahganj |
Samdhan,Samdhan |
Goalpara,Goalpara |
Mundi,Mundi |
Pulgaon,Pulgaon |
Thiruvarur,Thiruvarur |
Uran,Uran |
Davanagere,Davanagere |
Pudukkottai,Pudukkottai |
Ramdurg,Ramdurg |
Taki,Taki |
Utraula,Utraula |
Adyar,Adyar |
Mancherial,Mancherial |
Shoranur,Shoranur |
Malda,Malda |
North Lakhimpur,Lakhimpur |North Lakhimpur
Rajula,Rajula |
Visnagar,Visnagar |
Mavoor,Mavoor |
Mattannur,Mattannur |
Sironj,Sironj |
Phulera,Phulera |
Nagaon,Nagaon |
Ramanathapuram,Ramanathapuram |
Murliganj,Murliganj |
Shillong,Shillong |
Pen,Pen |
Barmer,Barmer |
Raikot,Raikot |
Makrana,Makrana |
Jalpaiguri,Jalpaiguri |
Rawatsar,Rawatsar |
Makhdumpur,Makhdumpur |
Dimapur,Dimapur |
Sujanpur,Sujanpur |
Rampur,Rampur |
Rajpipla,Rajpipla |
Waghala,Waghala |
Kendrapara,Kendrapara |
Gurgaon,Gurgaon |
Purulia,Purulia |
Ludhiana,Ludhiana |
Jodhpur,Jodhpur |
Satna,Satna |
Sindhagi,Sindhagi |
Khambhat,Khambhat |
Belonia,Belonia |
Adra,Adra |
Siana,Siana |
Nashik,Nashik |
Kunnamkulam,Kunnamkulam |
Palia Kalan,Palia |Kalan |
Sirohi,Sirohi |
udaipur,udaipur |rajasthan |
Sadulshahar,Sadulshahar |
Mangalvedhe,Mangalvedhe |
Seohara,Seohara |
Polur,Polur |
Kaithal,Kaithal |
Sawantwadi,Sawantwadi |
Bhiwandi,Bhiwandi |
Pratapgarh,Pratapgarh |
Sindagi,Sindagi |
Kalimpong,Kalimpong |
Vrindavan,Vrindavan |
Kapadvanj,Kapadvanj |
Bodhan,Bodhan |
Lonar,Lonar |
Nellore,Nellore |
Fatehabad,Fatehabad |
Mihijam,Mihijam |
Godhra,Godhra |
Hansi,Hansi |
Zirakpur,Zirakpur |
Morena,Morena |
Padmanabhapuram,Padmanabhapuram |
Usilampatti,Usilampatti |
Habra,Habra |
Shikohabad,Shikohabad |
Sandila,Sandila |
Kadapa,Kadapa |
Vijayapura,Vijayapura |
Tirunelveli,Tirunelveli |
Talwara,Talwara |
Sarni,Sarni |
Prithvipur,Prithvipur |
Rehli,Rehli |
Singrauli,Singrauli |
Thanjavur,Thanjavur |
Sausar,Sausar |
Tarn Taran,Tarn |Taran |
Thodupuzha,Thodupuzha |
Aizawl,Aizawl |
Saidpur,Saidpur |
Bhilai Nagar,Bhilai |Bhilai Nagar |
Jhansi,Jhansi |
Koyilandy,Koyilandy |
Kavali,Kavali |
Sattenapalle,Sattenapalle |
Samana,Samana |
Ramganj Mandi,Ramganj |Ramganj Mandi |
Udgir,Udgir |
Wai,Wai |
Siddipet,Siddipet |
Urmar Tanda,Urmar |Tanda |
Seoni Malwa,Seoni |Malwa |
Nangal,Nangal |
Tumsar,Tumsar |
Barbil,Barbil |
Parasi,Parasi |
Shamgarh,Shamgarh |
Bhilwara,Bhilwara |
Punalur,Punalur |
Repalle,Repalle |
Mandsaur,Mandsaur |
Porsa,Porsa |
Saiha,Saiha |
Tittakudi,Tittakudi |
Srikalahasti,Srikalahasti |
Varkala,Varkala |
Sherkot,Sherkot |
Silvassa,Silvassa |
Bhavnagar,Bhavnagar |
Arambagh,Arambagh |
Mariani,Mariani |
Suri,Suri |
Zunheboto,Zunheboto |
Sadabad,Sadabad |
Baleshwar Town,Baleshwar | |
bengaluru,bengaluru |bangalore |
Tirupati,Tirupati |
Warangal,Warangal |
Gobichettipalayam,Gobichettipalayam |
Yerraguntla,Yerraguntla |
Chikkamagaluru,Chikkamagaluru |
Sitarganj,Sitarganj |
Virudhunagar,Virudhunagar |
Tumkur,Tumkur |
Tikamgarh,Tikamgarh |
Nawada,Nawada |
chandigarh,chandigarh |
Sinnar,Sinnar |
Ballari,Ballari |
Begusarai,Begusarai |
Shujalpur,Shujalpur |
Vikramasingapuram,Vikramasingapuram |
Rajauri,Rajauri |
Dumka,Dumka |
Sailu,Sailu |
Thakurdwara,Thakurdwara |
Bhuj,Bhuj |
Sunam,Sunam |
Parvathipuram,Parvathipuram |
Sangaria,Sangaria |
Hapur,Hapur |
Udumalaipettai,Udumalaipettai |
Gobindgarh,Gobindgarh |
Osmanabad,Osmanabad |
Ramanagaram,Ramanagaram |
Silchar,Silchar |
Savarkundla,Savarkundla |
Wankaner,Wankaner |
Bargarh,Bargarh |
Fazilka,Fazilka |
Rajakhera,Rajakhera |
Chirmiri,Chirmiri |
Vaikom,Vaikom |
Samalkot,Samalkot |
Mehkar,Mehkar |
Phusro,Phusro |
Rajahmundry,Rajahmundry |
Manglaur,Manglaur |
Shahbad,Shahbad |
Neyveli,Neyveli |
Sagwara,Sagwara |
Margherita,Margherita |
Kadi,Kadi |
Sri Madhopur,Sri Madhopur |Madhopur |
Sankeshwara,Sankeshwara |
Kanhangad,Kanhangad |
Umarkhed,Umarkhed |
Ponnani,Ponnani |
Nohar,Nohar |
Rameshwaram,Rameshwaram |
Uthiramerur,Uthiramerur |
Terdal,Terdal |
Mandamarri,Mandamarri |
Tharangambadi,Tharangambadi |
Kottayam,Kottayam |
Prantij,Prantij |
Jagraon,Jagraon |
Nadbai,Nadbai |
Adalaj,Adalaj |
Panagudi,Panagudi |
Maharajganj,Maharajganj |
Araria,Araria |
Thrissur,Thrissur |
Yawal,Yawal |
Malout,Malout |
Dumraon,Dumraon |
Ramtek,Ramtek |
Sidlaghatta,Sidlaghatta |
Zira,Zira |
Rayagada,Rayagada |
Tenkasi,Tenkasi |
Bhabua,Bhabua |
Soro,Soro |
Lanka,Lanka |
Tenali,Tenali |
Mussoorie,Mussoorie |
Sahibganj,Sahibganj |
Multai,Multai |
Paravoor,Paravoor |
Paschim Punropara,Paschim Punropara |Punropara |
Chandigarh,Chandigarh |
Purquazi,Purquazi |
Gaya,Gaya |
Coal Dhanbad,Coal Dhanbad |Dhanbad |
Vijainagar Ajmer,Vijainagar |Ajmer |
Panna,Panna |
Udhampur,Udhampur |
Bilaspur,Bilaspur |
Renukoot,Renukoot |
Pinjore,Pinjore |
Palanpur,Palanpur |
Pardi,Pardi |
Talikota,Talikota |
Lunglei,Lunglei |
Pithampur,Pithampur |
Rishikesh,Rishikesh |
Mauganj,Mauganj |
Ranebennuru,Ranebennuru |
Mandawa,Mandawa |
Sikandra Rao,Sikandra |Sikandra Rao |
Vaniyambadi,Vaniyambadi |
Kolar,Kolar |
Amalner,Amalner |
Vaijapur,Vaijapur |
Vijaypur,Vijaypur |
Naila Janjgir,Naila |Janjgir |
Alirajpur,Alirajpur |
Mira Bhayandar,Mira |Bhayandar |
Rajagangapur,Rajagangapur |
Jaggaiahpet,Jaggaiahpet |
Orai,Orai |
Mandalgarh,Mandalgarh |
Roorkee,Roorkee |
Mangrol,Mangrol |
Arvi,Arvi |
Rahuri,Rahuri |
Ponnur,Ponnur |
Malaj Khand,Malaj Khand|Malajkhand |
Mysore,Mysore |
Thane,Thane |
Nedumangad,Nedumangad |
Pihani,Pihani |
Jabalpur,Jabalpur |
Sonepur,Sonepur |
Tiruppur,Tiruppur |
Manendragarh,Manendragarh |
Nandgaon,Nandgaon |
Patur,Patur |
Pakaur,Pakaur |
Suriyampalayam,Suriyampalayam |
Gudur,Gudur |
Theni Allinagaram,Theni |Allinagaram |
Tezpur,Tezpur |
Bageshwar,Bageshwar |
Peringathur,Peringathur |
Yanam,Yanam |
Ambejogai,Ambejogai |
Kailasahar,Kailasahar |
Lonavla,Lonavla |
Talaja,Talaja |
Yamunanagar,Yamunanagar |
Kharar,Kharar |
Unnao,Unnao |
Palasa Kasibugga,Palasa |Kasibugga |
Kalpi,Kalpi |
Tiruttani,Tiruttani |
Pachora,Pachora |
Dhubri,Dhubri |
Pilibanga,Pilibanga |
Sangole,Sangole |
Shanti Leh,Shanti |Leh |
Bhongir,Bhongir |
Sultanpur,Sultanpur |
Samastipur,Samastipur |
Panchla,Panchla |
Manachanallur,Manachanallur |
Umbergaon,Umbergaon |
Chirkunda,Chirkunda |
Mount Abu,Mount Abu |Abu |
Raghunathganj,Raghunathganj |
Murwara Katni,Murwara |Katni |
Mahuva,Mahuva |
Darbhanga,Darbhanga |
Nasirabad,Nasirabad |
Kodungallur,Kodungallur |
Surat,Surat |
Hoshiarpur,Hoshiarpur |
Pathankot,Pathankot |
Qadian,Qadian |
Tadepalligudem,Tadepalligudem |
Pudupattinam,Pudupattinam |
Narasaraopet,Narasaraopet |
Rudrapur,Rudrapur |
Koratla,Koratla |
Nizamabad,Nizamabad |
Monoharpur,Monoharpur |
Raisen,Raisen |
Shishgarh,Shishgarh |
Mathabhanga,Mathabhanga |
Raayachuru,Raayachuru |
Jharsuguda,Jharsuguda |
Rairangpur,Rairangpur |
Ramnagar,Ramnagar |
Sawai Madhopur,Sawai |Madhopur |
Mudhol,Mudhol |
Visakhapatnam,Visakhapatnam |
Umreth,Umreth |
Satana,Satana |
Rajpura,Rajpura |
Guruvayoor,Guruvayoor |
Agra,Agra |
Vadgaon Kasba,Vadgaon |Kasba |
Piro,Piro |
Pavagada,Pavagada |
Beed,Beed |
Muddebihal,Muddebihal |
Nalbari,Nalbari |
Pacode,Pacode |
Wara Seoni,Wara |Seoni |
Uthamapalayam,Uthamapalayam |
Adoni,Adoni |
Parangipettai,Parangipettai |
Phillaur,Phillaur |
Vadnagar,Vadnagar |
Viramgam,Viramgam |
Soron,Soron |
Kolkata,Kolkata |
Mavelikkara,Mavelikkara |
Mandi,Mandi |
Nagla,Nagla |
Narkatiaganj,Narkatiaganj |
Wadi,Wadi |
Coimbatore,Coimbatore |
Shrirangapattana,Shrirangapattana |
Rajkot,Rajkot |
Renigunta,Renigunta |
Naraura,Naraura |
Radhanpur,Radhanpur |
Samthar,Samthar |
Yevla,Yevla |
Thoubal,Thoubal |
Marmagao,Marmagao |
Amravati,Amravati |
Lakheri,Lakheri |
Rajnandgaon,Rajnandgaon |
Surandai,Surandai |
Suar,Suar |
Nagina,Nagina |
Hazaribag,Hazaribag |
Ashok Nagar,Ashok  |
Anantapur,Anantapur |
Noorpur,Noorpur |
Maddur,Maddur |
PNPatti,PNPatti |
Pattamundai,Pattamundai |
Montage,Montage |
Musabani,Musabani |
Anakapalle,Anakapalle |
Raiganj,Raiganj |
Cuttack,Cuttack |
Alappuzha,Alappuzha |
Sherghati,Sherghati |
Vadakkuvalliyur,Vadakkuvalliyur |
Markapur,Markapur |
Raurkela,Raurkela |
Barpeta,Barpeta |
Maharajpur,Maharajpur |
Puttur,Puttur |
Navsari,Navsari |
Hyderabad,Hyderabad |
Pandhurna,Pandhurna |
Dharmanagar,Dharmanagar |
Ron,Ron |
Navalgund,Navalgund |
Tilda Newra,Tilda |Newra |
Sattur,Sattur |
Vishnupad Gaya,Vishnupad |Gaya |
Vatakara,Vatakara |
Sohagpur,Sohagpur |
Punch,Punch |
Magadi,Magadi |
Athni,Athni |
Barh,Barh |
Macherla,Macherla |
Dhanbad,Dhanbad |
Ratlam,Ratlam |
Sheikhpura,Sheikhpura |
Morshi,Morshi |
Firozabad,Firozabad |
Rampura Phul,Rampura |Phul |
Mhaswad,Mhaswad |
Haldwani Kathgodam,Haldwani |Kathgodam |
Farooqnagar,Farooqnagar |
Sillod,Sillod |
Supaul,Supaul |
Khammam,Khammam |
Anantnag,Anantnag |
Lilong,Lilong |
Lalsot,Lalsot |
Zaidpur,Zaidpur |
Pernampattu,Pernampattu |
Nowgong,Nowgong |
Una,Una |
Srinivaspur,Srinivaspur |
Ranchi,Ranchi |
Palani,Palani |
Songadh,Songadh |
Pune,Pune |
Punjaipugalur,Punjaipugalur |
Sheohar,Sheohar |
Shimla,Shimla |
Lalitpur,Lalitpur |
Manvi,Manvi |
Salem,Salem |
Changanassery,Changanassery |
Sihora,Sihora |
Paithan,Paithan |
Jorhat,Jorhat |
Baramula,Baramula |
patna,patna |
Panniyannur,Panniyannur |
Malkangiri,Malkangiri |
Shirpur Warwade,Shirpur |Warwade |
Nandyal,Nandyal |
Allahabad,Allahabad |
Pasighat,Pasighat |
Anjar,Anjar |
Chaibasa,Chaibasa |
Laharpur,Laharpur |
Mahad,Mahad |
Panipat,Panipat |
Sindhnur,Sindhnur |
Bellampalle,Bellampalle |
Silapathar,Silapathar |
Sikar,Sikar |
Nanpara,Nanpara |
Narayanpet,Narayanpet |
Asarganj,Asarganj |
Limbdi,Limbdi |
Sikandrabad,Sikandrabad |
Naugachhia,Naugachhia |
Tiruchendur,Tiruchendur |
Tadpatri,Tadpatri |
Bahadurgarh,Bahadurgarh |
Nilanga,Nilanga |
Ongole,Ongole |
Parbhani,Parbhani |
Pithapuram,Pithapuram |
Nimbahera,Nimbahera |
Karwar,Karwar |
Namagiripettai,Namagiripettai |
Mumbai,Mumbai |Bombay
Kapurthala,Kapurthala |
Nakur,Nakur |
Ponneri,Ponneri |
Kollam,Kollam |
indore,indore |
Ramachandrapuram,Ramachandrapuram |
Lalganj,Lalganj |
Sambalpur,Sambalpur |
Periyasemur,Periyasemur |
Sholingur,Sholingur |
Ambikapur,Ambikapur |
Madhupur,Madhupur |
Jammalamadugu,Jammalamadugu |
Sehore,Sehore |
Hubli Dharwad,Hubli |Dharwad |
Nautanwa,Nautanwa |
Raipur,Raipur |
Rae Bareli,Rae Bareli |Bareli |
Sabalgarh,Sabalgarh |
Yellandu,Yellandu |
Pilani,Pilani |
Vadalur,Vadalur |
Lakshmeshwar,Lakshmeshwar |
Dhenkanal,Dhenkanal |
Manmad,Manmad |
Medininagar Daltonganj,Medininagar |Daltonganj |
Shahjahanpur,Shahjahanpur |
Bobbili,Bobbili |
Malerkotla,Malerkotla |
Padrauna,Padrauna |
Sanand,Sanand |
Sircilla,Sircilla |
Byasanagar,Byasanagar |
Raisinghnagar,Raisinghnagar |
Tilhar,Tilhar |
Naidupet,Naidupet |
Anjangaon,Anjangaon |
Jangaon,Jangaon |
Jhargram,Jhargram |
Pachore,Pachore |
Taranagar,Taranagar |
Guntur,Guntur |
Manjlegaon,Manjlegaon |
Medak,Medak |
Mandya,Mandya |
Lar,Lar |
Kannur,Kannur |
Warora,Warora |
Longowal,Longowal |
Saharsa,Saharsa |
Nabha,Nabha |
Mukhed,Mukhed |
Suratgarh,Suratgarh |
Sullurpeta,Sullurpeta |
Mirganj,Mirganj |
Risod,Risod |
Shenkottai,Shenkottai |
Sambhar,Sambhar |
Darjiling,Darjiling |
Itarsi,Itarsi |
Gadwal,Gadwal |
Akola,Akola |
Dhoraji,Dhoraji |
Wokha,Wokha |
Latur,Latur |
Vasai,Vasai |
Neyyattinkara,Neyyattinkara |
Srivilliputhur,Srivilliputhur |
Vijayawada,Vijayawada |
Belagavi,Belagavi |
Chirala,Chirala |
Tundla,Tundla |
Jamshedpur,Jamshedpur |
Suryapet,Suryapet |
Perinthalmanna,Perinthalmanna |
Sathyamangalam,Sathyamangalam |
Siwan,Siwan |
Aligarh,Aligarh |
Raxaul Bazar,Raxaul |Raxaul Bazar |
Silao,Silao |
Lakhimpur,Lakhimpur |
koramangala,koramangala |
Nagpur,Nagpur 
Maharashtra,Maharashtra |
Karnataka,Karnataka |
Kerala,Kerala |
Tamil Nadu,Tamil Nadu |
Andhra Pradesh,Andhra Pradesh |
Telangana,Telangana |
Orissa,Orissa | Odishas |
Chattisgarh,Chattisgarh |
Bihar,Bihar |
Jharkhand,Jharkhand |
West Bengal,West Bengal |
Madhya Pradesh,Madhya Pradesh |
Gujarat,Gujarat |
Rajasthan,Rajasthan |
Haryana,Haryana |
Punjab,Punjab |
Uttarakhand,Uttarakhand |
Himachal Pradesh,Himachal Pradesh |
Jammu Kashmir,Jammu Kashmir |
Sikkim,Sikkim |
Meghalaya,Meghalaya |
Assam,Assam |
Arunachal Pradesh,Arunachal Pradesh |
Nagaland,Nagaland |
Tripura,Tripura |
Mizoram,Mizoram |
Manipur,Manipur |
East Godavari,East Godavari |
West Godavari,West Godavari |
Sri Potti Sriramulu Nellore,Sri Potti Sriramulu Nellore |
Prakasam,Prakasam |
Krishna,Krishna |
Banka,Banka |
Bhojpur,Bhojpur |
East Champaran,East Champaran |
Kaimur,Kaimur |
Khagaria,Khagaria |
Nalanda,Nalanda |
Rohtas,Rohtas |
Saran,Saran |
Vaishali,Vaishali |
West Champaran,West Champaran |
Aravalli,Aravalli |
Banaskantha,Banaskantha |
Botad,Botad |
Chhota Udepur,Chhota Udepur |
Dahod,Dahod |
Dang,Dang |
Devbhoomi Dwarka,Devbhoomi Dwarka |
Gandhinagar,Gandhinagar |
Gir Somnath,Gir Somnath |
Junagadh,Junagadh |
Kheda,Kheda |
Kutch,Kutch |
Mahisagar,Mahisagar |
Mehsana,Mehsana |
Morbi,Morbi |
Narmada,Narmada |
Panchmahal,Panchmahal |
Sabarkantha,Sabarkantha |
Surendranagar,Surendranagar |
Tapi,Tapi |
Ambala,Ambala |
Hissar,Hissar |
Jhajjar,Jhajjar |
Kurukshetra,Kurukshetra |
Mahendragarh,Mahendragarh |
Nuh,Nuh |
Chamba,Chamba |
Hamirpur,Hamirpur |
Kangra,Kangra |
Kinnaur,Kinnaur |
Kullu,Kullu |
Lahaul and Spiti,Lahaul and Spiti |
Sirmaur,Sirmaur |
Ernakulam,Ernakulam |
Idukki,Idukki |
Wayanad,Wayanad |
YSR Kadapa,YSR Kadapa |
Tawang,Tawang |
West Kameng,West Kameng |
East Kameng,East Kameng |
Papum Pare,Papum Pare |
Kurung Kumey,Kurung Kumey |
Kra Daadi,Kra Daadi |
Lower Subansiri,Lower Subansiri |
Upper Subansiri,Upper Subansiri |
West Siang,West Siang |
East Siang,East Siang |
Siang,Siang |
Upper Siang,Upper Siang |
Lower Siang,Lower Siang |
Lower Dibang Valley,Lower Dibang Valley |
Dibang Valley,Dibang Valley |
Anjaw,Anjaw |
Lohit,Lohit |
Namsai,Namsai |
Changlang,Changlang |
Tirap,Tirap |
Longding,Longding |
Baksa,Baksa |
Biswanath,Biswanath |
Bongaigaon,Bongaigaon |
Cachar,Cachar |
Charaideo,Charaideo |
Chirang,Chirang |
Darrang,Darrang |
Dhemaji,Dhemaji |
Golaghat,Golaghat |
Hailakandi,Hailakandi |
Hojai,Hojai |
Kamrup Metropolitan,Kamrup Metropolitan |
Kamrup,Kamrup |
Karbi Anglong,Karbi Anglong |
Kokrajhar,Kokrajhar |
Majuli,Majuli |
Morigaon,Morigaon |
Dima Hasao,Dima Hasao |
Sivasagar,Sivasagar |
Sonitpur,Sonitpur |
South Salmara-Mankachar,South Salmara-Mankachar |
Udalguri,Udalguri |
West Karbi Anglong,West Karbi Anglong |
East Champaran,East Champaran |Motihari |
Kaimur,Kaimur |Bhabua |
Munger,Munger |Monghyr |
Purnia,Purnia |Purnea |
Balod,Balod |
Baloda Bazar,Baloda Bazar |
Balrampur,Balrampur |
Bastar,Bastar |
Bemetara,Bemetara |
Bijapur,Bijapur |
Dantewada,Dantewada |South Bastar |
Gariyaband,Gariyaband |
Janjgir-Champa,Janjgir-Champa |
Jashpur,Jashpur |
Kabirdham,Kabirdham |Kawardha |
Kanker,Kanker |North Bastar |
Kondagaon,Kondagaon |
Korea,Korea |Koriya |
Narayanpur,Narayanpur |
Sukma,Sukma |
Surajpur,Surajpur |
Surguja,Surguja |
Dadra & Nagar Haveli,Dadra & Nagar Haveli |
Daman,Daman |
Diu,Diu |
Central Delhi,Central Delhi |
East Delhi,East Delhi |
North Delhi,North Delhi |
North East  Delhi,North East  Delhi |
North West  Delhi,North West  Delhi |
Shahdara,Shahdara |
South Delhi,South Delhi |
South East Delhi,South East Delhi |
South West  Delhi,South West  Delhi |
West Delhi,West Delhi |
North Goa,North Goa |
South Goa,South Goa |
Banaskantha,Banaskantha |Palanpur |
Dangs,Dangs |Ahwa |
Kachchh,Kachchh |
Kheda,Kheda |Nadiad |
Narmada,Narmada |Rajpipla |
Panchmahal,Panchmahal |Godhra |
Sabarkantha,Sabarkantha |Himmatnagar |
Tapi,Tapi |Vyara |
Mewat,Mewat |
Lahaul,Lahaul |Spiti |
Sirmaur,Sirmaur |Sirmour |
Bandipore,Bandipore |
Baramulla,Baramulla |
Budgam,Budgam |
Doda,Doda |
Ganderbal,Ganderbal |
Kargil,Kargil |
Kishtwar,Kishtwar |
Kulgam,Kulgam |
Kupwara,Kupwara |
Leh,Leh |
Poonch,Poonch |
Pulwama,Pulwama |
Rajouri,Rajouri |
Ramban,Ramban |
Reasi,Reasi |
Samba,Samba |
Shopian,Shopian |
Bokaro,Bokaro |
East Singhbhum,East Singhbhum |
Garhwa,Garhwa |
Godda,Godda |
Gumla,Gumla |
Jamtara,Jamtara |
Khunti,Khunti |
Koderma,Koderma |
Latehar,Latehar |
Pakur,Pakur |
Palamu,Palamu |
Seraikela-Kharsawan,Seraikela-Kharsawan |
West Singhbhum,West Singhbhum |
Bagalkot,Bagalkot |
Ballari,Ballari |Bellary |
Belagavi,Belagavi |Belgaum |
Bengaluru,Bangalore |Bengaluru |
Bidar,Bidar |
Chamarajanagar,Chamarajanagar |
Chikballapur,Chikballapur |
Chikkamagaluru,Chikkamagaluru |Chikmagalur |
Chitradurga,Chitradurga |
Dakshina Kannada,Dakshina Kannada |
Davangere,Davangere |
Dharwad,Dharwad |
Gadag,Gadag |
Hassan,Hassan |
Haveri,Haveri |
Kalaburagi,Kalaburagi |Gulbarga |
Kodagu,Kodagu |
Koppal,Koppal |
Mysuru,Mysuru |Mysore |
Raichur,Raichur |
Ramanagara,Ramanagara |
Shivamogga,Shivamogga |Shimoga |
Tumakuru,Tumakuru |Tumkur |
Uttara Kannada,Uttara Kannada |Karwar |
Vijayapura,Vijayapura |Bijapur |
Agatti,Agatti |
Amini,Amini |
Androth,Androth |
Bithra,Bithra |
Chethlath,Chethlath |
Kavaratti,Kavaratti |
Kadmath,Kadmath |
Kalpeni,Kalpeni |
Kilthan,Kilthan |
Minicoy,Minicoy |
Agar Malwa,Agar Malwa |
Anuppur,Anuppur |
Ashoknagar,Ashoknagar |
Barwani,Barwani |
Betul,Betul |
Bhind,Bhind |
Burhanpur,Burhanpur |
Chhatarpur,Chhatarpur |
Chhindwara,Chhindwara |
Damoh,Damoh |
Datia,Datia |
Dewas,Dewas |
Dhar,Dhar |
Dindori,Dindori |
Guna,Guna |
Harda,Harda |
Hoshangabad,Hoshangabad |
Jhabua,Jhabua |
Katni,Katni |
Khandwa,Khandwa |
Khargone,Khargone |
Narsinghpur,Narsinghpur |
Seoni,Seoni |
Bhandara,Bhandara |
Buldhana,Buldhana |
Chandrapur,Chandrapur |
Gadchiroli,Gadchiroli |
Gondia,Gondia |
Hingoli,Hingoli |
Jalgaon,Jalgaon |
Jalna,Jalna |
Kolhapur,Kolhapur |
Mumbai City,Mumbai City |
Mumbai Suburban,Mumbai Suburban |
Raigad,Raigad |
Sindhudurg,Sindhudurg |
Bishnupur,Bishnupur |
Chandel,Chandel |
Churachandpur,Churachandpur |
Imphal East,Imphal East |
Imphal West,Imphal West |
Jiribam,Jiribam |
Kakching,Kakching |
Kamjong,Kamjong |
Kangpokpi,Kangpokpi |
Noney,Noney |
Pherzawl,Pherzawl |
Senapati,Senapati |
Tamenglong,Tamenglong |
Tengnoupal,Tengnoupal |
Ukhrul,Ukhrul |
East Garo Hills,East Garo Hills |
East Jaintia Hills,East Jaintia Hills |
East Khasi Hills,East Khasi Hills |
North Garo Hills,North Garo Hills |
Ri Bhoi,Ri Bhoi |
South Garo Hills,South Garo Hills |
South West Garo Hills ,South West Garo Hills  |
South West Khasi Hills,South West Khasi Hills |
West Garo Hills,West Garo Hills |
West Jaintia Hills,West Jaintia Hills |
West Khasi Hills,West Khasi Hills |
Champhai,Champhai |
Kolasib,Kolasib |
Lawngtlai,Lawngtlai |
Mamit,Mamit |
Serchhip,Serchhip |
Kiphire,Kiphire |
Longleng,Longleng |
Mon,Mon |
Peren,Peren |
Phek,Phek |
Angul,Angul |
Balasore,Balasore |
Boudh,Boudh |
Deogarh,Deogarh |
Gajapati,Gajapati |
Ganjam,Ganjam |
Jagatsinghapur,Jagatsinghapur |
Jajpur,Jajpur |
Kalahandi,Kalahandi |
Kandhamal,Kandhamal |
Kendujhar,Kendujhar |Keonjhar |
Khordha,Khordha |
Koraput,Koraput |
Mayurbhanj,Mayurbhanj |
Nabarangpur,Nabarangpur |
Nayagarh,Nayagarh |
Nuapada,Nuapada |
Fatehgarh Sahib,Fatehgarh Sahib |
Ferozepur,Ferozepur |
Nawanshahr,Nawanshahr |Shahid Bhagat Singh Nagar |
Sahibzada Ajit Singh Nagar,Sahibzada Ajit Singh Nagar |Mohali |
Banswara,Banswara |
Baran,Baran |
Bundi,Bundi |
Chittorgarh,Chittorgarh |
Churu,Churu |
Dausa,Dausa |
Dholpur,Dholpur |
Dungarpur,Dungarpur |
Hanumangarh,Hanumangarh |
Jaisalmer,Jaisalmer |
Jalore,Jalore |
Jhalawar,Jhalawar |
Jhunjhunu,Jhunjhunu |
Karauli,Karauli |
Kota,Kota |
Nagaur,Nagaur |
Sri Ganganagar,Sri Ganganagar |
East Sikkim,East Sikkim |
North Sikkim,North Sikkim |
South Sikkim,South Sikkim |
West Sikkim,West Sikkim |
Ariyalur,Ariyalur |
Cuddalore,Cuddalore |
Dharmapuri,Dharmapuri |
Dindigul,Dindigul |
Kanchipuram,Kanchipuram |
Kanyakumari,Kanyakumari |
Krishnagiri,Krishnagiri |
Nilgiris,Nilgiris |
Theni,Theni |
Thoothukudi,Thoothukudi |Tuticorin |
Tiruvallur,Tiruvallur |
Tiruvarur,Tiruvarur |
Bhadradri Kothagudem,Bhadradri Kothagudem |
Jayashankar Bhoopalpally,Jayashankar Bhoopalpally |
Jogulamba Gadwal,Jogulamba Gadwal |
Komaram Bheem Asifabad,Komaram Bheem Asifabad |
Mahabubabad,Mahabubabad |
Mahabubnagar,Mahabubnagar |
Medchal,Medchal |
Nalgonda,Nalgonda |
Peddapalli,Peddapalli |
Rajanna Sircilla,Rajanna Sircilla |
Rangareddy,Rangareddy |
Warangal,Warangal |
Yadadri Bhuvanagiri,Yadadri Bhuvanagiri |
Dhalai,Dhalai |
Gomati,Gomati |
North Tripura,North Tripura |
Sepahijala,Sepahijala |
South Tripura,South Tripura |
Unakoti,Unakoti |
West Tripura,West Tripura |
Almora,Almora |
Chamoli,Chamoli |
Champawat,Champawat |
Haridwar,Haridwar |
Pauri Garhwal,Pauri Garhwal |
Rudraprayag,Rudraprayag |
Tehri Garhwal,Tehri Garhwal |
Udham Singh Nagar,Udham Singh Nagar |
Uttarkashi,Uttarkashi |
Ambedkar Nagar,Ambedkar Nagar |
Amethi,Amethi |Chatrapati Sahuji Mahraj Nagar |
Amroha,Amroha |J.P. Nagar |
Auraiya,Auraiya |
Baghpat,Baghpat |
Ballia,Ballia |
Balrampur,Balrampur |
Banda,Banda |
Barabanki,Barabanki |
Bareilly,Bareilly |
Basti,Basti |
Bhadohi,Bhadohi |
Bijnor,Bijnor |
Budaun,Budaun |
Bulandshahr,Bulandshahr |
Chandauli,Chandauli |
Chitrakoot,Chitrakoot |
Deoria,Deoria |
Etah,Etah |
Faizabad,Faizabad |
Farrukhabad,Farrukhabad |
Fatehpur,Fatehpur |
Gautam Buddha Nagar,Gautam Buddha Nagar |
Ghazipur,Ghazipur |
Gonda,Gonda |
Gorakhpur,Gorakhpur |
Hapur,Hapur |Panchsheel Nagar |
Hathras,Hathras |
Jalaun,Jalaun |
Jaunpur,Jaunpur |
Kannauj,Kannauj |
Kanpur Dehat,Kanpur Dehat |
Kanpur Nagar,Kanpur Nagar |
Kanshiram Nagar,Kanshiram Nagar |Kasganj |
Kaushambi,Kaushambi |
Kushinagar,Kushinagar |Padrauna |
Lakhimpur,Lakhimpur |
Mahoba,Mahoba |
Mainpuri,Mainpuri |
Mau,Mau |
Mirzapur,Mirzapur |
Muzaffarnagar,Muzaffarnagar |
RaeBareli,RaeBareli |
Sambhal,Sambhal | Bhim Nagar |
Sant Kabir Nagar,Sant Kabir Nagar |
Shamali,Shamali | Prabuddh Nagar |
Shravasti,Shravasti |
Siddharth Nagar,Siddharth Nagar |
Sonbhadra,Sonbhadra |
Birbhum,Birbhum |
Burdwan,Burdwan |Bardhaman |
Dakshin Dinajpur,Dakshin Dinajpur |
Darjeeling,Darjeeling |
Hooghly,Hooghly |
Howrah,Howrah |
Nadia,Nadia |
North 24 Parganas,North 24 Parganas |
Paschim Medinipur,Paschim Medinipur |
Purba Medinipur,Purba Medinipur |
South 24 Parganas,South 24 Parganas |
Uttar Dinajpur,Uttar Dinajpur |
